ELAPSED_MINUTES;RESCHEDULING_TIME
0;6.863927
12;6.522445
24;6.197404
36;6.325754
48;8.443018
60;6.415595
72;6.483654
84;5.608517
96;6.111499
108;6.239704
120;5.101624
132;5.030692
144;4.466108
156;4.195055
168;3.555461
180;3.346319
192;3.14996
204;2.861576
216;2.622166
228;2.500305
240;2.586033
252;2.174378
264;1.82005
276;2.031013
288;1.987883
300;1.348064
312;1.349623
324;1.296098
336;1.346169
348;1.06164
360;0.931205
372;0.708906
384;0.567196
396;0.463558
408;0.262562
420;0.164895
